substitutions	subregion
C241T,C1150T,C3037T,C9924T,C14408T,C15738T,A20268G,A23403G,G25269T	SouthernAsia
C241T,C3037T,G3259T,G5206T,A10108G,T10583G,G11083T,C14408T,T14568G,G15327T,T18438A,C18877T,T19299C,C22444T,T22917G,A23403G,A23416T,C24912T,G25563T,C26028T,G26690T,C26735T,C28854T	SouthernAsia
C241T,C622T,C913T,C3037T,C3267T,C5388A,C5986T,C6706T,T6954C,C8950T,C10277T,C14408T,C14676T,C15279T,T16176C,C19524T,C21234T,C21575T,A22834G,A23063T,C23271A,A23403G,C23604A,C23709T,T24506G,G24914T,G25526T,C25844T,C27577T,C27972T,G28048T,A28111G,G28280C,A28281T,T28282A,G28881A,G28882A,G28883C,C28977T,C29296T,G29477A,T29524C	SouthernAsia
C241T,C913T,C3037T,C3267T,C4158T,C5388A,C5986T,T6954C,C10594T,C14408T,C14676T,C15279T,T16176C,A17187G,A17615G,G18677T,A23063T,C23271A,A23403G,C23604A,C23709T,T24506G,G24914C,C27972T,G28048T,A28111G,G28280C,A28281T,T28282A,G28881A,G28882A,G28883C,G28904T,C28977T,C29659T,G29800A	SouthernAsia
NA	SouthernAsia
C241T,C913T,A1643T,C2395T,C3037T,C3267T,C3444T,C5388A,A5689T,A5935G,C5986T,T6954C,C14408T,C14676T,C15279T,C18501T,G22104T,A23063T,C23271A,A23403G,C23604A,C23709T,T24506G,G24914C,C27972T,G28048T,A28095T,A28111G,G28280C,A28281T,T28282A,G28881A,G28882A,G28883C,C28977T	SouthernAsia
C241T,C913T,A1643T,C2395T,C3037T,C3267T,C3444T,C5388A,A5689T,A5935G,C5986T,T6954C,C14408T,C14676T,C15279T,C18501T,G22104T,A23063T,C23271A,A23403G,C23604A,C23709T,T24506G,G24914C,C27972T,G28048T,A28095T,A28111G,G28280C,A28281T,T28282A,G28881A,G28882A,G28883C,C28977T	SouthernAsia
NA	SouthernAsia
C241T,C913T,A1643T,C2395T,C3037T,C3267T,C3444T,C5388A,A5689T,A5935G,C5986T,T6954C,T13339G,C14408T,C14676T,C15279T,T16176C,C18501T,G22104T,A23063T,C23271A,A23403G,C23604A,C23709T,T24506G,G24914C,C27972T,G28048T,A28095T,A28111G,G28280C,A28281T,T28282A,G28881A,G28882A,G28883C,C28977T	SouthernAsia
