from	to
root	C12932T;C15714T;C10507T;T5260A;C7423T;C26601T;C21707T;C8782T;A25739T;C28253A;G17266A;G11083T;T514C;C18512T;C241T;G29711T;G25775T;T25382C;C17373T;G1440A;T25525A;C25692T;G26144T;T5303G;G15910T;G23611A;A23359G;C20270T;A29872G;C17898T;C29762T;A16824G;G28881T;G14335T;T28861C;G28883C;A23403G;C27005T;A10982G;C8529T;T21656A;C10277T;C10074T;G1244A;C18885T;C11962T;T28255A;G26718T;C26447G;T14146G;C9924T;A24325G;C9967T;C26936T;C28776A;G2293T;C4927T;C10755T;G10412T;T23569C;G17411A;C7834T;G18079T;C1594T;G2100T;A27976T;G2891A;T26767C;G4207A;C5869T;C16466T;A13175G;G26458A;G25654T;C18647T;C14262T;C10232T;C8247T;A29771G;T6996C;C9803T;C14636T;A11332G;G1895A;T6620C;A14940G;G22309T;G18281T;A13357G;G19750A;T28144C;C25708T;G18090T;C8299T;C27998T;G25354T;T28417C;T7876C;G7866T;A24411G;A21187C;C29870A;C14408T;A6051C;C26801T;C25614T;C24034T;G25323T;T8701C;C28311T;C14621T;C40G;G28321A;G27147C;C875T;G15907A;C23525T;A18424G;C4069T;A25060G;T6247C;C14925T;C7817T;A28111G;T456G;A29657T;C1912T;C3018T;C10029T;C8986T;G25606T;C26509T;G21307C;C186T;A16388G;A29622G;G27670T;C10954T;G28857A;C3787T;A28210G;G18315A;C12923T;G22468T;G25599T;T8359C;C28887T;G29742T;C3622T;A4473G;C11758T;A4G;C8092T;C21306T;C2023T;C4999T;G24914C;G10122T;C9438T;C19220T;G23126T;A8945C;C27603T;C10376T;C17977T;T13266C;A28271T;A28145C;G26062T;C6781T;C11752T;C29555T;C2340T;G2164A;G28703T;A10331G;C27219T;C4683T;C21618G;T25043C;T23487G;C21711T;C28869T;G19252A;C12621T;A11991G;T58A;G26239A;G29254A;T20119C;C29708T;G27364T;A8019G;A18163G;C17999T;T9179C;A14823T;T14451G;G6694A;G28845T;G26558T;G29032A;G16416T;C29303T;G27703T;A25846G;C3037T;A12878G;T27618C;C4320T;G12067T;G8274A;A18629G;C27874T;C4890T;T28250C;G19509A;C14411T;G13621A;G242T;C22323T;C28932T;T24024A;A10132G;G1820A;C28674T;A16474G;A29379G;G14718T;G839A;G3013T;G20335T;A20355G;C25153T;A24913T;C23709T;G23438T;A20294G;A8736C;T11075C;A28389G;C28115T;A28850C;C854T;A28095T;C19814T;G4988T;T9842C;A25443C;T16062C;G11596T;T13195C;G11369A;G15451A;C19813T;A12631G;C22482T;G24095T;C10632T;C12733A;T5304G;C23422T;C13730T;A1856G;C22597T;C121T;A13555T;C28253T;A25193G;C14183T;T12112C;C1513T;C23271G;G29528A;C4400T;C13047T;T24417G;A5536G
C15714T	C15714T,A19577C
C7423T	C7423T,C7869T;C7423T,G25062T;C7423T,A28293G;C5183T,C7423T;C7423T,C18680T;A6616G,C7423T;T5551C,C7423T;G2054A,C7423T;C7423T,A19338G;C7423T,A29780C
C21707T	C21707T,T29867C;T11980C,C21707T;C9711T,C21707T;C2091T,C21707T
C8782T	C8782T,G18040T;C3426T,C8782T;C8782T,C18060T;C8782T,C25568A;C8782T,G27933T
C28253A	A25259G,C28253A;C28253A,G29395C;C20402T,C28253A;G21724T,C28253A;A16417G,C28253A;G21850T,C28253A;G19690A,C28253A
G11083T	A9243G,G11083T;G4162T,G11083T;G11083T,C29366T;G11083T,C29635T;G11083T,C27804T;G11083T,G29227T;G11083T,T12826A;G11083T,G27282A;C4158T,G11083T;C10036T,G11083T;G11083T,C22432G;G11083T,T24436C;G11083T,C22033A;G3259T,G11083T;G11083T,G11410A;G11083T,C21219T;T8323C,G11083T;C9474T,G11083T;G11083T,G29841A;G11083T,A20055G;G11083T,A29871C;G4127A,G11083T;T4351C,G11083T;A5845T,G11083T;G11083T,A21282G;C5284T,G11083T;G11083T,G20709T;G11083T,G28916A;G11083T,G23856T;G11083T,G27214T;G11083T,C28310A
T514C	T514C,C17410T;T514C,T1606C;T514C,C26912T;T514C,C28923T;T514C,C25886T;T514C,C17550T;T514C,A28973T;T514C,C16762T;T514C,C22498T;T514C,C26882T;T514C,C27920T;T514C,C22591T;T514C,T3541C;T514C,A2521T;T514C,A22110G;T514C,G18816C;T514C,C10818T;T514C,G19518T;T514C,C19484T;T514C,G3281A;T514C,G12071A;T514C,C28844T;T514C,C7318T;T514C,G29449T;T514C,G19999T;T514C,A535G;T514C,C21575T;T514C,C6255T;T514C,C16260T;T514C,G26109T;T514C,A19815T;T514C,C29719T;T514C,G9314T;T514C,C2695T;T514C,C897T;T514C,A27383G
C241T	C241T,A20268G;C241T,G28280T;C241T,G5924A;C241T,C1059T;C241T,G9918T;C241T,G25116A;C241T,G28899T;C241T,T16656A
